Date,Time,Month,CO(GT),PT08.S1(CO),NMHC(GT),C6H6(GT),PT08.S2(NMHC),NOx(GT),PT08.S3(NOx),NO2(GT),PT08.S4(NO2),PT08.S5(O3),T,RH,AH
5/1/2004,0:00:00,5,3.5,1425,275,15.2,1155,185,709,110,1936,1789,17.8,66.8,1.346
5/1/2004,1:00:00,5,2.4,1179,-200,9.3,951,129,826,84,1724,1323,17.3,68.3,1.3346
5/1/2004,2:00:00,5,1.6,1047,-200,6.5,833,85,939,71,1647,1081,16.5,70.2,1.3099
5/1/2004,3:00:00,5,1.3,1009,-200,6.3,825,-200,950,-200,1629,938,15.7,73.1,1.2902
5/1/2004,4:00:00,5,-200.0,882,-200,3.5,685,35,1134,42,1492,673,16.2,69.9,1.2756
5/1/2004,5:00:00,5,0.6,858,-200,2.6,624,24,1205,32,1434,543,16.7,67.1,1.2619
5/1/2004,6:00:00,5,0.7,875,-200,3.1,659,30,1180,35,1452,561,16.7,66.9,1.2631
5/1/2004,7:00:00,5,1.2,1012,-200,6.5,833,75,916,67,1632,862,16.9,66.5,1.2688
5/1/2004,8:00:00,5,1.5,1049,-200,6.5,836,79,926,73,1615,901,17.7,62.0,1.2458
5/1/2004,9:00:00,5,1.8,1131,-200,8.8,932,104,854,86,1693,1048,19.4,54.6,1.2184
5/1/2004,10:00:00,5,2.1,1120,-200,8.8,931,118,886,89,1652,971,21.6,46.1,1.1725
5/1/2004,11:00:00,5,1.9,1117,-200,9.2,946,105,909,86,1657,915,24.6,36.7,1.1202
5/1/2004,12:00:00,5,2.0,1110,-200,9.2,948,101,901,86,1632,891,26.0,31.9,1.0566
5/1/2004,13:00:00,5,1.3,962,-200,6.1,816,65,1044,66,1489,628,25.6,31.5,1.0184
5/1/2004,14:00:00,5,1.3,963,-200,6.5,835,59,1029,68,1495,556,24.8,34.8,1.0716
5/1/2004,15:00:00,5,1.8,1050,-200,9.2,948,80,928,82,1584,652,26.1,30.3,1.0101
5/1/2004,16:00:00,5,2.0,1053,-200,8.3,911,98,949,91,1603,683,25.5,33.5,1.0767
5/1/2004,17:00:00,5,1.8,1045,-200,8.3,910,89,948,95,1598,624,23.7,37.2,1.0746
5/1/2004,18:00:00,5,2.4,1124,-200,11.0,1013,114,849,104,1676,733,22.3,38.9,1.0324
5/1/2004,19:00:00,5,4.0,1330,-200,14.7,1140,195,759,131,1780,1062,20.7,42.8,1.0298
5/1/2004,20:00:00,5,2.8,1171,-200,10.8,1006,156,835,112,1674,988,19.0,51.7,1.1222
5/1/2004,21:00:00,5,2.0,1085,-200,9.4,954,109,866,100,1656,871,17.8,55.5,1.1174
5/1/2004,22:00:00,5,3.6,1358,-200,14.8,1144,184,727,115,1851,1243,17.4,57.6,1.1342
5/1/2004,23:00:00,5,3.7,1385,-200,13.3,1094,190,765,129,1769,1175,17.6,58.5,1.1645
5/2/2004,0:00:00,5,2.3,1167,-200,8.4,914,105,876,99,1599,1126,17.2,59.3,1.1551
5/2/2004,1:00:00,5,1.8,1072,-200,7.9,894,76,893,74,1646,1118,17.1,60.4,1.1633
5/2/2004,2:00:00,5,0.9,938,-200,5.5,789,38,989,55,1536,864,16.4,62.2,1.1507
5/2/2004,3:00:00,5,1.6,1000,-200,6.6,838,-200,910,-200,1580,942,14.8,67.6,1.1352
5/2/2004,4:00:00,5,-200.0,854,-200,3.3,670,26,1141,35,1460,684,14.8,65.8,1.1028
5/2/2004,5:00:00,5,0.6,815,-200,2.6,628,33,1212,37,1426,689,14.7,65.2,1.0811
5/2/2004,6:00:00,5,0.7,866,-200,3.6,689,57,1138,45,1456,767,13.1,70.2,1.0554
5/2/2004,7:00:00,5,0.8,911,-200,4.8,751,48,1036,46,1518,817,14.3,66.2,1.0728
5/2/2004,8:00:00,5,1.2,988,-200,5.9,806,87,951,68,1568,940,16.0,61.6,1.1083
5/2/2004,9:00:00,5,1.4,1046,-200,6.9,851,94,920,77,1595,908,17.7,56.4,1.1342
5/2/2004,10:00:00,5,1.6,1085,-200,8.5,918,89,890,79,1639,871,21.3,44.7,1.1157
5/2/2004,11:00:00,5,1.3,1008,-200,6.1,816,78,1015,72,1531,689,23.6,36.4,1.0431
5/2/2004,12:00:00,5,1.3,1004,-200,6.2,821,72,1031,68,1510,629,24.3,34.0,1.0149
5/2/2004,13:00:00,5,1.1,948,-200,4.8,754,64,1086,64,1436,602,24.4,32.7,0.9863
5/2/2004,14:00:00,5,1.2,1026,-200,6.8,847,70,1010,73,1519,617,24.6,31.7,0.9647
5/2/2004,15:00:00,5,1.5,1047,-200,7.0,859,92,948,84,1538,677,23.9,34.3,1.002
5/2/2004,16:00:00,5,1.1,1018,-200,5.5,790,69,1047,67,1443,580,25.9,28.1,0.9258
5/2/2004,17:00:00,5,1.9,1160,-200,9.5,957,131,884,106,1637,861,24.5,32.3,0.9815
5/2/2004,18:00:00,5,2.3,1269,-200,11.9,1047,144,809,114,1721,1080,22.6,39.3,1.06
5/2/2004,19:00:00,5,3.3,1394,-200,13.8,1111,209,736,123,1853,1288,21.2,47.5,1.1828
5/2/2004,20:00:00,5,2.6,1292,-200,10.7,1003,170,789,108,1753,1163,19.9,54.9,1.2632
5/2/2004,21:00:00,5,2.2,1212,-200,9.7,966,152,840,100,1691,1043,19.4,52.1,1.1642
5/2/2004,22:00:00,5,2.3,1137,-200,10.2,985,171,858,118,1607,1045,19.4,42.6,0.9485
5/2/2004,23:00:00,5,2.0,1080,-200,8.3,910,153,923,121,1548,929,19.1,44.1,0.966
5/3/2004,0:00:00,5,1.6,1031,-200,7.1,861,97,903,94,1534,825,18.0,49.3,1.0086
5/3/2004,1:00:00,5,0.8,917,-200,3.0,654,37,1169,52,1414,545,17.6,54.6,1.0918
5/3/2004,2:00:00,5,0.6,888,-200,2.2,598,26,1228,39,1397,500,16.4,62.1,1.1493
5/3/2004,3:00:00,5,0.4,872,-200,1.7,564,-200,1284,-200,1385,494,15.6,65.3,1.1484
5/3/2004,4:00:00,5,-200.0,876,-200,1.5,547,25,1256,33,1351,505,16.0,61.4,1.1043
5/3/2004,5:00:00,5,0.7,964,-200,3.7,697,61,1067,57,1516,717,15.8,64.3,1.1416
5/3/2004,6:00:00,5,1.3,1147,-200,8.2,906,152,815,80,1687,1126,16.0,65.8,1.1844
5/3/2004,7:00:00,5,3.4,1493,-200,21.1,1328,283,577,101,2193,1597,16.8,62.5,1.1869
5/3/2004,8:00:00,5,4.7,1597,-200,26.5,1466,320,518,109,2400,1687,16.9,66.1,1.2613
5/3/2004,9:00:00,5,3.4,1483,-200,17.4,1222,318,597,109,2054,1529,17.4,68.9,1.3557
5/3/2004,10:00:00,5,2.5,1222,-200,12.9,1080,201,742,111,1755,1366,21.4,45.0,1.1291
5/3/2004,11:00:00,5,2.0,1060,-200,10.9,1010,135,858,102,1623,1074,23.9,30.7,0.9002
5/3/2004,12:00:00,5,1.9,1048,-200,11.0,1013,127,886,96,1584,940,26.8,25.2,0.8721
5/3/2004,13:00:00,5,1.7,1051,-200,10.8,1008,102,911,90,1561,921,28.4,23.6,0.8983
5/3/2004,14:00:00,5,1.4,998,-200,10.0,977,74,947,69,1496,695,30.3,20.1,0.8539
5/3/2004,15:00:00,5,1.5,1058,-200,11.2,1023,81,896,74,1580,795,30.9,19.7,0.8649
5/3/2004,16:00:00,5,2.4,1203,-200,16.8,1204,129,790,102,1744,1079,30.2,20.5,0.8672
5/3/2004,17:00:00,5,3.9,1491,-200,23.6,1392,190,630,128,2149,1473,26.4,34.6,1.1724
5/3/2004,18:00:00,5,4.2,1467,-200,23.3,1385,192,623,130,2084,1493,24.9,39.4,1.2268
5/3/2004,19:00:00,5,3.7,1407,-200,19.4,1279,163,660,120,2009,1308,23.5,43.7,1.2484
5/3/2004,20:00:00,5,3.2,1324,-200,13.1,1086,149,692,113,1903,1189,19.3,63.1,1.4028
5/3/2004,21:00:00,5,2.0,1214,-200,9.8,970,119,777,100,1771,1076,18.7,64.6,1.3836
5/3/2004,22:00:00,5,1.1,1016,-200,5.3,780,61,967,70,1566,806,19.5,57.1,1.2806
5/3/2004,23:00:00,5,1.5,1135,-200,6.7,842,84,872,83,1653,973,18.9,62.5,1.3521
5/4/2004,0:00:00,5,1.3,1065,-200,5.5,789,79,936,81,1620,929,18.4,65.8,1.3802
5/4/2004,1:00:00,5,1.0,999,-200,3.7,692,58,1038,69,1588,778,16.4,79.2,1.4681
5/4/2004,2:00:00,5,0.6,911,-200,2.2,599,32,1189,48,1517,633,16.1,80.0,1.4562
5/4/2004,3:00:00,5,0.4,873,-200,1.5,545,-200,1308,-200,1471,497,15.6,81.0,1.4302
5/4/2004,4:00:00,5,-200.0,881,-200,1.5,546,21,1335,28,1465,458,15.6,81.0,1.4216
5/4/2004,5:00:00,5,0.6,967,-200,2.9,646,49,1117,47,1552,579,15.7,80.5,1.4236
5/4/2004,6:00:00,5,1.9,1280,-200,9.9,976,180,780,88,1912,1003,16.0,80.8,1.4602
5/4/2004,7:00:00,5,4.5,1564,-200,23.0,1379,302,552,109,2306,1393,16.6,78.0,1.4572
5/4/2004,8:00:00,5,4.3,1505,-200,22.3,1358,258,556,113,2248,1406,16.1,79.2,1.4398
5/4/2004,9:00:00,5,3.2,1309,-200,16.2,1186,192,649,104,1973,1308,17.7,70.8,1.4171
5/4/2004,10:00:00,5,1.3,1035,-200,7.9,895,84,898,65,1657,863,20.3,54.8,1.2867
5/4/2004,11:00:00,5,2.2,1148,-200,12.4,1062,128,753,87,1825,1004,21.2,49.3,1.2271
5/4/2004,12:00:00,5,2.6,1152,-200,13.6,1104,145,725,99,1860,1023,21.5,47.9,1.2178
5/4/2004,13:00:00,5,2.3,1131,-200,12.3,1059,132,772,100,1784,978,21.4,47.7,1.2047
5/4/2004,14:00:00,5,2.4,1142,-200,12.1,1053,136,753,105,1814,979,20.4,54.0,1.2757
5/4/2004,15:00:00,5,2.6,1197,-200,12.9,1082,140,753,97,1851,971,19.9,57.1,1.3158
5/4/2004,16:00:00,5,1.2,960,-200,6.3,828,55,971,54,1565,617,19.9,55.2,1.2701
5/4/2004,17:00:00,5,1.6,1077,-200,10.6,1001,67,836,59,1764,717,19.5,55.7,1.2512
5/4/2004,18:00:00,5,3.9,1377,-200,20.6,1313,191,612,109,2120,1220,18.3,62.8,1.3127
5/4/2004,19:00:00,5,4.7,1405,-200,22.1,1353,227,602,125,2185,1296,17.2,68.3,1.3289
5/4/2004,20:00:00,5,5.4,1484,-200,20.8,1319,264,591,132,2166,1413,16.1,75.2,1.3654
5/4/2004,21:00:00,5,3.0,1187,-200,11.8,1042,196,766,110,1840,1093,16.6,70.8,1.3253
5/4/2004,22:00:00,5,0.9,870,-200,4.3,729,43,1096,53,1475,586,18.5,56.0,1.181
5/4/2004,23:00:00,5,1.1,932,-200,5.0,765,58,1054,61,1543,575,17.3,59.5,1.1667
5/5/2004,0:00:00,5,0.7,830,-200,2.3,608,33,1282,41,1370,441,18.6,52.3,1.1121
5/5/2004,1:00:00,5,0.5,778,-200,1.4,534,14,1480,22,1294,358,19.0,49.8,1.0831
5/5/2004,2:00:00,5,0.5,820,-200,1.5,541,18,1450,28,1360,377,15.7,64.5,1.14
5/5/2004,3:00:00,5,0.5,842,-200,1.8,565,-200,1327,-200,1399,437,15.5,66.9,1.1691
5/5/2004,4:00:00,5,-200.0,867,-200,2.1,589,28,1267,41,1439,468,14.7,74.1,1.2302
5/5/2004,5:00:00,5,0.8,927,-200,3.5,682,56,1109,54,1526,580,14.6,77.1,1.2727
5/5/2004,6:00:00,5,1.3,1060,-200,6.9,851,108,912,81,1673,805,14.5,78.3,1.2851
5/5/2004,7:00:00,5,3.5,1440,-200,19.1,1271,251,630,107,2163,1273,15.1,76.8,1.3061
5/5/2004,8:00:00,5,-200.0,1449,-200,22.0,1350,-200,571,-200,2264,1452,16.4,70.8,1.3088
5/5/2004,9:00:00,5,3.9,1384,-200,18.9,1265,255,620,124,2143,1307,16.4,72.4,1.3379
5/5/2004,10:00:00,5,2.9,1172,-200,13.0,1085,214,737,123,1876,1102,16.3,68.6,1.2657
5/5/2004,11:00:00,5,2.6,1143,-200,13.0,1083,190,735,120,1887,1083,17.2,62.9,1.2228
5/5/2004,12:00:00,5,3.0,1167,-200,14.5,1134,182,709,113,1920,1083,17.4,61.1,1.206
5/5/2004,13:00:00,5,3.7,1303,-200,19.7,1288,202,618,114,2116,1236,16.8,66.8,1.2691
5/5/2004,14:00:00,5,3.9,1264,-200,19.4,1279,224,631,120,2049,1223,17.3,62.6,1.226
5/5/2004,15:00:00,5,3.5,1242,-200,16.4,1193,221,684,125,1945,1175,17.5,60.8,1.2029
5/5/2004,16:00:00,5,2.4,1070,-200,11.2,1022,126,824,88,1740,933,17.5,59.2,1.1725
5/5/2004,17:00:00,5,1.6,981,-200,10.0,978,79,857,72,1682,835,17.7,56.9,1.1392
5/5/2004,18:00:00,5,3.0,1198,-200,14.6,1136,137,717,103,1870,1291,17.1,61.5,1.1873
5/5/2004,19:00:00,5,1.6,1000,-200,8.5,918,68,881,67,1661,802,17.5,63.9,1.2667
5/5/2004,20:00:00,5,2.1,1110,-200,9.2,949,96,850,79,1733,842,15.9,70.7,1.2672
5/5/2004,21:00:00,5,1.8,1023,-200,6.9,854,111,918,89,1637,744,15.1,75.1,1.2799
5/5/2004,22:00:00,5,1.1,861,-200,3.7,695,56,1130,67,1438,500,13.9,72.5,1.1502
5/5/2004,23:00:00,5,1.5,969,-200,4.9,760,81,1059,83,1518,560,12.0,79.8,1.1175
5/6/2004,0:00:00,5,1.4,898,-200,4.6,741,79,1085,76,1468,589,12.5,75.8,1.0938
5/6/2004,1:00:00,5,0.9,835,-200,3.4,674,46,1201,58,1416,488,12.0,75.0,1.0499
5/6/2004,2:00:00,5,0.5,766,-200,1.2,523,19,1534,30,1310,387,12.6,72.2,1.0503
5/6/2004,3:00:00,5,0.4,743,-200,1.0,502,-200,1635,-200,1292,355,12.7,71.6,1.0486
5/6/2004,4:00:00,5,-200.0,758,-200,1.2,517,15,1625,22,1294,351,13.1,67.1,1.0079
5/6/2004,5:00:00,5,0.6,804,-200,2.3,604,48,1366,50,1357,420,13.2,64.6,0.9774
5/6/2004,6:00:00,5,1.3,948,-200,6.1,817,128,1048,92,1546,695,13.1,65.6,0.9815
5/6/2004,7:00:00,5,2.9,1204,-200,16.8,1205,193,729,101,1984,1139,14.7,58.5,0.9688
5/6/2004,8:00:00,5,3.6,1231,-200,20.3,1304,203,652,121,2029,1315,15.9,53.1,0.9529
5/6/2004,9:00:00,5,3.4,1176,-200,16.4,1191,220,705,130,1836,1217,17.9,46.1,0.9388
5/6/2004,10:00:00,5,2.5,1043,-200,12.5,1066,161,789,114,1692,1014,20.2,37.7,0.8833
5/6/2004,11:00:00,5,2.1,992,-200,9.8,970,135,869,100,1624,884,18.5,42.8,0.9026
5/6/2004,12:00:00,5,1.1,885,-200,5.2,772,57,1035,56,1450,524,13.0,64.3,0.9586
5/6/2004,13:00:00,5,1.8,991,-200,8.9,937,91,874,75,1581,644,15.1,54.5,0.9309
5/6/2004,14:00:00,5,3.0,1182,-200,14.1,1119,219,733,121,1831,1032,13.6,65.5,1.0184
5/6/2004,15:00:00,5,3.1,1191,-200,12.7,1074,239,741,128,1816,1038,12.3,78.3,1.1154
5/6/2004,16:00:00,5,3.6,1272,-200,14.6,1136,209,730,139,1869,1077,12.7,74.2,1.0863
5/6/2004,17:00:00,5,3.3,1138,-200,12.4,1063,169,804,122,1728,983,14.4,64.2,1.049
5/6/2004,18:00:00,5,1.8,1008,-200,9.4,954,92,892,92,1626,834,15.6,58.3,1.0266
5/6/2004,19:00:00,5,2.1,1075,-200,11.0,1015,107,824,97,1722,949,15.0,61.4,1.0385
5/6/2004,20:00:00,5,2.2,1034,-200,8.9,935,122,870,98,1605,941,13.7,65.8,1.0254
5/6/2004,21:00:00,5,1.6,934,-200,6.6,841,100,973,93,1497,756,12.3,66.4,0.944
5/6/2004,22:00:00,5,0.9,883,-200,3.9,705,51,1133,65,1422,655,15.4,58.8,1.0215
5/6/2004,23:00:00,5,1.8,1021,-200,7.3,871,93,938,81,1586,805,14.1,64.9,1.0405
5/7/2004,0:00:00,5,2.3,1059,-200,8.2,907,145,879,102,1579,970,13.8,64.7,1.0168
5/7/2004,1:00:00,5,2.0,1023,-200,7.5,878,106,896,91,1568,969,13.5,67.8,1.042
5/7/2004,2:00:00,5,0.9,855,-200,3.3,669,46,1160,56,1427,671,13.7,69.4,1.0794
5/7/2004,3:00:00,5,0.6,826,-200,2.4,616,-200,1227,-200,1384,575,13.9,67.7,1.0712
5/7/2004,4:00:00,5,-200.0,831,-200,2.2,602,32,1269,41,1386,535,14.0,67.8,1.0787
5/7/2004,5:00:00,5,0.7,817,-200,2.8,639,51,1260,48,1364,489,14.6,61.1,1.0075
5/7/2004,6:00:00,5,1.5,972,-200,7.5,880,89,964,72,1590,689,14.3,60.5,0.9847
5/7/2004,7:00:00,5,3.7,1200,-200,19.8,1290,214,657,106,2014,1196,14.9,56.9,0.9582
5/7/2004,8:00:00,5,4.2,1234,-200,22.1,1355,196,621,107,2095,1266,16.4,50.2,0.9286
5/7/2004,9:00:00,5,3.4,1164,-200,15.0,1148,224,741,127,1824,1130,16.0,50.9,0.9211
5/7/2004,10:00:00,5,2.4,976,-200,9.3,952,174,878,114,1582,834,18.6,42.8,0.9091
5/7/2004,11:00:00,5,1.3,844,-200,6.3,825,90,1027,101,1405,536,19.7,33.7,0.7646
5/7/2004,12:00:00,5,1.5,851,-200,8.2,906,89,989,95,1418,545,21.2,27.7,0.6864
5/7/2004,13:00:00,5,2.2,926,-200,10.9,1010,132,904,110,1526,720,19.7,28.5,0.6445
5/7/2004,14:00:00,5,1.8,890,-200,9.3,950,114,940,101,1460,655,19.8,29.7,0.678
5/7/2004,15:00:00,5,1.9,921,-200,8.4,914,107,937,106,1481,614,19.2,35.6,0.7856
5/7/2004,16:00:00,5,2.3,1052,-200,9.4,956,140,869,116,1600,725,14.2,60.5,0.9765
5/7/2004,17:00:00,5,3.6,1247,-200,17.9,1238,187,691,124,1948,1036,12.9,69.1,1.0249
5/7/2004,18:00:00,5,4.3,1205,-200,17.4,1222,222,684,133,1911,1127,12.7,70.4,1.0294
5/7/2004,19:00:00,5,2.2,1016,-200,10.5,995,117,857,96,1642,854,13.9,62.7,0.9905
5/7/2004,20:00:00,5,1.5,984,-200,7.5,879,89,940,85,1527,792,13.9,62.9,0.9948
5/7/2004,21:00:00,5,2.0,1041,-200,8.0,898,130,922,97,1595,891,13.4,65.2,0.9996
5/7/2004,22:00:00,5,2.0,1027,-200,7.7,887,133,927,97,1568,876,13.4,64.6,0.9864
5/7/2004,23:00:00,5,2.1,1025,-200,7.3,869,144,954,101,1531,851,13.3,63.6,0.9677
5/8/2004,0:00:00,5,1.5,984,-200,6.4,829,99,1003,85,1516,787,13.3,61.8,0.9433
5/8/2004,1:00:00,5,2.2,969,-200,5.6,791,102,1084,80,1446,711,13.6,59.7,0.9271
5/8/2004,2:00:00,5,0.5,758,-200,1.5,546,27,1483,33,1252,396,14.6,53.3,0.8807
5/8/2004,3:00:00,5,-200.0,767,-200,1.5,547,-200,1482,-200,1239,375,14.3,51.7,0.8412
5/8/2004,4:00:00,5,-200.0,772,-200,1.2,518,-200,1544,-200,1202,343,10.9,67.5,0.8785
5/8/2004,5:00:00,5,-200.0,831,-200,1.6,557,-200,1480,-200,1257,401,7.4,85.2,0.8808
5/8/2004,6:00:00,5,-200.0,871,-200,2.6,628,-200,1243,-200,1329,518,8.7,81.5,0.919
5/8/2004,7:00:00,5,-200.0,995,-200,5.9,808,-200,1028,-200,1479,685,10.3,75.6,0.9458
5/8/2004,8:00:00,5,-200.0,1093,-200,8.5,918,-200,857,-200,1589,939,11.0,75.0,0.9821
5/8/2004,9:00:00,5,-200.0,1079,-200,7.7,885,-200,884,-200,1588,974,13.6,66.1,1.0236
5/8/2004,10:00:00,5,-200.0,1084,-200,6.9,852,-200,910,-200,1575,959,14.7,63.1,1.0488
5/8/2004,11:00:00,5,-200.0,1204,-200,10.1,982,-200,791,-200,1739,1067,13.8,72.3,1.1361
5/8/2004,12:00:00,5,-200.0,1213,-200,11.1,1018,-200,760,-200,1778,1061,13.3,76.8,1.1703
5/8/2004,13:00:00,5,-200.0,1124,-200,9.2,949,-200,827,-200,1671,1008,16.2,60.0,1.0937
5/8/2004,14:00:00,5,-200.0,945,-200,4.3,726,-200,1053,-200,1432,637,16.3,55.3,1.0146
5/8/2004,15:00:00,5,-200.0,964,-200,6.5,833,-200,1003,-200,1489,647,20.0,40.4,0.9354
5/8/2004,16:00:00,5,-200.0,903,-200,5.4,786,-200,1073,-200,1375,523,19.8,35.4,0.8099
5/8/2004,17:00:00,5,-200.0,918,-200,7.1,863,-200,992,-200,1408,539,19.8,33.6,0.767
5/8/2004,18:00:00,5,-200.0,1028,-200,9.5,961,-200,913,-200,1502,649,17.8,38.5,0.7763
5/8/2004,19:00:00,5,-200.0,1175,-200,17.0,1209,-200,720,-200,1829,1071,16.7,44.6,0.8393
5/8/2004,20:00:00,5,-200.0,1215,-200,15.4,1161,-200,714,-200,1802,1237,15.1,51.8,0.8816
5/8/2004,21:00:00,5,-200.0,1072,-200,9.9,976,-200,835,-200,1603,1018,14.1,56.2,0.9028
5/8/2004,22:00:00,5,-200.0,1070,-200,9.3,952,-200,858,-200,1573,966,13.8,58.3,0.9147
5/8/2004,23:00:00,5,-200.0,1021,-200,6.9,853,-200,979,-200,1457,901,13.7,59.7,0.9285
5/9/2004,0:00:00,5,-200.0,1063,-200,7.1,859,-200,952,-200,1519,949,13.7,60.3,0.9405
5/9/2004,1:00:00,5,-200.0,1068,-200,9.0,938,-200,862,-200,1575,1057,12.7,64.9,0.9506
5/9/2004,2:00:00,5,-200.0,993,-200,8.3,913,-200,879,-200,1601,989,12.6,65.4,0.9529
5/9/2004,3:00:00,5,-200.0,1034,-200,8.7,928,-200,848,-200,1619,1005,12.1,68.6,0.964
5/9/2004,4:00:00,5,-200.0,1025,-200,8.4,914,-200,856,-200,1605,1003,12.3,68.0,0.9722
5/9/2004,5:00:00,5,-200.0,1036,-200,8.1,902,-200,825,-200,1558,1087,11.9,71.1,0.9899
5/9/2004,6:00:00,5,-200.0,924,-200,5.2,774,-200,987,-200,1460,909,11.3,73.8,0.9848
5/9/2004,7:00:00,5,-200.0,922,-200,4.5,737,-200,1050,-200,1414,882,13.1,62.6,0.9419
5/9/2004,8:00:00,5,-200.0,830,-200,2.6,625,-200,1266,-200,1303,568,16.8,46.8,0.8881
5/9/2004,9:00:00,5,-200.0,947,-200,4.8,752,-200,1068,-200,1434,620,17.9,44.8,0.9104
5/9/2004,10:00:00,5,-200.0,977,-200,4.5,737,-200,1025,-200,1450,686,17.8,49.5,0.9986
5/9/2004,11:00:00,5,-200.0,1025,-200,4.9,761,-200,1008,-200,1476,700,18.8,46.4,0.9968
5/9/2004,12:00:00,5,-200.0,1040,-200,5.8,804,-200,940,-200,1502,780,19.3,44.0,0.9783
5/9/2004,13:00:00,5,-200.0,1013,-200,4.1,718,-200,1041,-200,1492,558,14.7,68.4,1.1405
5/9/2004,14:00:00,5,-200.0,1035,-200,4.8,755,-200,997,-200,1521,608,15.6,65.8,1.1577
5/9/2004,15:00:00,5,-200.0,1086,-200,7.0,859,-200,892,-200,1595,754,17.7,54.0,1.0826
5/9/2004,16:00:00,5,-200.0,967,-200,4.8,753,-200,1048,-200,1420,544,17.8,46.7,0.9466
5/9/2004,17:00:00,5,-200.0,968,-200,5.4,785,-200,1011,-200,1446,550,17.8,44.4,0.8967
5/9/2004,18:00:00,5,-200.0,1004,-200,6.3,827,-200,972,-200,1465,627,17.8,44.3,0.8929
5/9/2004,19:00:00,5,-200.0,1132,-200,10.1,981,-200,850,-200,1614,877,16.4,47.8,0.8851
5/9/2004,20:00:00,5,-200.0,1121,-200,10.2,985,-200,833,-200,1625,981,15.6,51.6,0.9063
5/9/2004,21:00:00,5,-200.0,1068,-200,8.4,917,-200,889,-200,1570,832,14.9,55.0,0.9228
5/9/2004,22:00:00,5,-200.0,1123,-200,8.9,937,-200,866,-200,1606,941,13.8,59.8,0.9398
5/9/2004,23:00:00,5,-200.0,1101,-200,8.8,933,-200,845,-200,1600,1022,13.8,62.1,0.9721
5/10/2004,0:00:00,5,-200.0,997,-200,6.5,835,-200,951,-200,1501,888,13.9,61.1,0.9656
5/10/2004,1:00:00,5,-200.0,875,-200,3.0,654,-200,1172,-200,1375,683,14.9,57.6,0.9684
5/10/2004,2:00:00,5,-200.0,815,-200,1.8,569,-200,1361,-200,1344,534,14.4,60.1,0.9797
5/10/2004,3:00:00,5,-200.0,803,-200,1.3,531,-200,1462,-200,1318,489,13.8,63.2,0.9952
5/10/2004,4:00:00,5,-200.0,829,-200,1.8,570,-200,1304,-200,1357,562,14.2,62.9,1.0136
5/10/2004,5:00:00,5,-200.0,867,-200,2.6,625,-200,1213,-200,1385,652,14.0,63.8,1.0167
5/10/2004,6:00:00,5,-200.0,1118,-200,9.8,970,-200,837,-200,1705,1019,13.4,67.4,1.0292
5/10/2004,7:00:00,5,-200.0,1632,-200,31.5,1587,-200,523,-200,2459,1678,14.7,62.3,1.0351
5/10/2004,8:00:00,5,-200.0,1598,-200,35.2,1668,-200,490,-200,2617,1749,16.0,57.3,1.0342
5/10/2004,9:00:00,5,4.4,1378,-200,20.2,1303,257,633,117,2051,1494,17.8,51.1,1.0362
5/10/2004,10:00:00,5,2.5,1132,-200,13.4,1096,178,731,107,1808,1186,20.0,45.0,1.0379
5/10/2004,11:00:00,5,2.1,1108,-200,11.7,1040,145,767,95,1748,1051,20.3,44.1,1.0392
5/10/2004,12:00:00,5,2.4,1131,-200,13.4,1097,137,735,93,1797,1027,20.7,42.4,1.0248
5/10/2004,13:00:00,5,2.2,1105,-200,12.9,1080,139,751,104,1758,981,20.8,40.6,0.9888
5/10/2004,14:00:00,5,2.2,1120,-200,13.4,1096,130,753,102,1767,976,21.5,39.7,1.0042
5/10/2004,15:00:00,5,2.3,1100,-200,13.7,1108,148,800,109,1731,932,25.0,30.1,0.9394
5/10/2004,16:00:00,5,2.1,1098,-200,14.2,1124,120,810,97,1716,871,25.2,29.7,0.9371
5/10/2004,17:00:00,5,2.5,1137,-200,17.8,1234,132,749,104,1824,990,23.4,32.0,0.91
5/10/2004,18:00:00,5,3.6,1267,-200,22.0,1352,188,651,124,1961,1196,21.0,37.8,0.9298
5/10/2004,19:00:00,5,4.0,1319,-200,24.4,1413,204,597,135,2050,1329,19.2,45.7,1.0084
5/10/2004,20:00:00,5,3.0,1160,-200,16.3,1189,167,698,122,1824,1151,17.7,50.9,1.0232
5/10/2004,21:00:00,5,2.1,1084,-200,12.4,1063,128,775,109,1703,1031,16.8,53.6,1.0167
5/10/2004,22:00:00,5,1.7,1025,-200,9.6,963,106,842,95,1621,917,15.8,56.2,1.0033
5/10/2004,23:00:00,5,1.1,953,-200,6.4,830,88,986,86,1521,860,16.0,56.5,1.0166
5/11/2004,0:00:00,5,0.9,959,-200,6.0,812,77,961,78,1518,910,14.2,64.1,1.0346
5/11/2004,1:00:00,5,0.4,834,-200,2.8,637,36,1187,53,1362,699,15.0,59.8,1.0142
5/11/2004,2:00:00,5,0.2,787,-200,1.6,549,28,1366,43,1317,596,14.3,61.9,1.0031
5/11/2004,3:00:00,5,0.2,799,-200,1.6,555,-200,1327,-200,1320,643,12.8,66.0,0.969
5/11/2004,4:00:00,5,-200.0,807,-200,1.8,571,46,1305,53,1335,704,11.4,70.5,0.9484
5/11/2004,5:00:00,5,0.6,866,-200,3.6,686,55,1135,48,1405,741,12.0,68.0,0.9547
5/11/2004,6:00:00,5,1.4,1035,-200,8.4,917,135,882,64,1606,968,11.3,70.4,0.9443
5/11/2004,7:00:00,5,4.6,1469,-200,27.5,1491,327,555,95,2301,1561,12.7,65.6,0.962
5/11/2004,8:00:00,5,5.5,1553,-200,31.0,1575,383,508,120,2423,1779,14.5,59.8,0.9795
5/11/2004,9:00:00,5,4.8,1513,-200,26.0,1455,366,554,153,2182,1822,17.5,49.8,0.9877
5/11/2004,10:00:00,5,4.5,1395,-200,22.6,1368,322,605,163,2032,1675,21.9,35.2,0.9128
5/11/2004,11:00:00,5,3.0,1209,-200,18.3,1248,188,712,119,1891,1295,23.5,29.5,0.8435
5/11/2004,12:00:00,5,2.5,1142,-200,13.9,1115,144,776,96,1735,1091,24.3,29.8,0.8926
5/11/2004,13:00:00,5,2.3,1140,-200,14.4,1129,132,765,94,1728,1023,23.8,31.7,0.9212
5/11/2004,14:00:00,5,2.0,1105,-200,11.6,1035,117,826,86,1643,877,24.2,31.2,0.9257
5/11/2004,15:00:00,5,1.9,1131,-200,12.2,1058,121,824,91,1664,931,26.5,27.2,0.9282
5/11/2004,16:00:00,5,1.9,1162,-200,12.4,1064,124,832,97,1675,913,25.7,28.4,0.9248
5/11/2004,17:00:00,5,3.5,1336,-200,21.1,1326,188,674,125,1923,1255,26.3,27.5,0.9306
5/11/2004,18:00:00,5,4.6,1533,-200,29.9,1549,226,573,140,2233,1571,24.4,31.6,0.9545
5/11/2004,19:00:00,5,6.3,1650,-200,34.3,1649,266,528,158,2345,1779,23.1,35.3,0.9845
5/11/2004,20:00:00,5,5.0,1535,-200,26.1,1458,269,568,159,2120,1735,21.1,40.2,0.997
5/11/2004,21:00:00,5,3.3,1382,-200,18.1,1243,183,632,128,1941,1511,19.2,52.3,1.1516
5/11/2004,22:00:00,5,2.7,1335,-200,14.2,1122,167,673,114,1840,1424,18.1,58.7,1.2072
5/11/2004,23:00:00,5,2.2,1267,-200,12.4,1064,138,706,100,1766,1348,17.3,58.8,1.1494
5/12/2004,0:00:00,5,1.7,1122,-200,8.7,926,105,805,88,1619,1174,16.9,58.8,1.125
5/12/2004,1:00:00,5,0.8,986,-200,5.2,771,54,964,67,1518,947,17.6,57.6,1.1484
5/12/2004,2:00:00,5,0.8,966,-200,4.6,744,58,967,65,1511,935,15.6,63.9,1.1287
5/12/2004,3:00:00,5,0.6,919,-200,3.1,661,-200,1089,-200,1468,838,14.9,65.7,1.1073
5/12/2004,4:00:00,5,-200.0,872,-200,2.7,632,37,1132,47,1403,768,15.6,62.2,1.0961
5/12/2004,5:00:00,5,0.8,967,-200,4.7,749,84,996,57,1517,881,14.0,68.3,1.0884
5/12/2004,6:00:00,5,1.5,1152,-200,9.6,964,134,800,73,1705,1096,14.5,65.7,1.0804
5/12/2004,7:00:00,5,4.1,1500,-200,23.6,1393,279,560,95,2163,1495,15.5,62.2,1.0875
5/12/2004,8:00:00,5,5.9,1754,-200,37.4,1716,333,452,110,2667,1895,17.0,56.8,1.0909
5/12/2004,9:00:00,5,5.1,1558,-200,26.6,1469,336,525,121,2281,1758,18.8,52.4,1.1285
5/12/2004,10:00:00,5,3.9,1446,-200,22.0,1350,280,568,108,2140,1630,19.7,51.9,1.1796
5/12/2004,11:00:00,5,3.4,1349,-200,17.9,1236,275,627,125,1964,1530,20.9,44.6,1.0872
5/12/2004,12:00:00,5,3.3,1452,-200,22.7,1371,207,576,117,2138,1622,21.9,43.3,1.1265
5/12/2004,13:00:00,5,5.1,1676,-200,29.3,1534,305,496,131,2413,1828,20.4,55.7,1.3205
5/12/2004,14:00:00,5,3.1,1327,-200,14.7,1139,236,658,126,1894,1323,17.4,67.0,1.325
5/12/2004,15:00:00,5,2.5,1248,-200,12.6,1072,183,713,114,1797,1188,17.1,64.0,1.2413
5/12/2004,16:00:00,5,2.4,1250,-200,12.7,1074,162,724,123,1806,1166,17.3,61.1,1.1957
5/12/2004,17:00:00,5,2.8,1222,-200,13.0,1084,157,727,116,1797,1108,17.7,56.3,1.13
5/12/2004,18:00:00,5,2.9,1159,-200,13.4,1097,136,748,107,1709,995,17.4,48.6,0.9559
5/12/2004,19:00:00,5,3.4,1192,-200,14.8,1143,166,740,123,1767,1108,17.6,43.7,0.8698
5/12/2004,20:00:00,5,2.2,1074,-200,9.4,954,136,846,112,1570,956,16.7,47.2,0.892
5/12/2004,21:00:00,5,1.6,984,-200,6.9,851,112,959,101,1452,817,16.8,45.6,0.8636
5/12/2004,22:00:00,5,1.3,970,-200,5.2,773,87,1026,91,1425,658,16.1,52.0,0.946
5/12/2004,23:00:00,5,1.3,987,-200,5.7,800,86,989,88,1462,658,15.5,57.1,0.996
5/13/2004,0:00:00,5,1.6,1003,-200,6.5,836,98,949,96,1455,748,16.2,50.2,0.9156
5/13/2004,1:00:00,5,1.2,933,-200,4.7,747,62,1045,75,1405,569,16.4,50.5,0.938
5/13/2004,2:00:00,5,0.6,859,-200,2.5,620,32,1201,47,1316,445,16.2,52.8,0.9626
5/13/2004,3:00:00,5,0.4,815,-200,1.4,538,-200,1412,-200,1272,379,16.0,53.7,0.9723
5/13/2004,4:00:00,5,-200.0,792,-200,1.0,501,21,1554,25,1252,354,16.2,53.0,0.9672
5/13/2004,5:00:00,5,0.4,835,-200,1.7,560,41,1409,49,1317,407,16.2,53.7,0.9799
5/13/2004,6:00:00,5,1.0,975,-200,4.5,736,86,1069,85,1459,611,15.9,55.3,0.991
5/13/2004,7:00:00,5,2.0,1133,-200,9.4,957,174,815,106,1652,944,16.2,55.6,1.0151
5/13/2004,8:00:00,5,3.6,1347,-200,17.9,1237,264,645,136,1984,1328,16.0,59.3,1.0711
5/13/2004,9:00:00,5,2.4,1122,-200,10.6,1000,211,783,119,1663,1085,16.6,55.6,1.042
5/13/2004,10:00:00,5,2.4,1152,-200,11.0,1014,208,774,122,1714,1139,17.4,51.8,1.022
5/13/2004,11:00:00,5,1.6,1020,-200,7.2,866,139,907,90,1554,799,17.6,49.7,0.9944
5/13/2004,12:00:00,5,1.9,1066,-200,8.7,927,138,846,97,1608,804,17.2,52.8,1.0236
5/13/2004,13:00:00,5,2.4,1105,-200,11.1,1016,142,789,98,1736,930,18.2,49.6,1.0268
5/13/2004,14:00:00,5,1.7,1056,-200,7.9,894,131,891,93,1576,771,19.5,45.0,1.0114
5/13/2004,15:00:00,5,2.1,1084,-200,9.8,970,132,818,98,1626,845,19.5,45.5,1.0189
5/13/2004,16:00:00,5,3.1,1288,-200,16.4,1191,178,691,123,1910,1192,19.8,44.3,1.0104
5/13/2004,17:00:00,5,4.6,1390,-200,22.6,1368,228,605,148,2092,1494,20.3,43.1,1.0114
5/13/2004,18:00:00,5,4.5,1374,-200,20.2,1303,232,636,148,2036,1457,20.3,44.4,1.0457
5/13/2004,19:00:00,5,3.9,1378,-200,21.7,1342,204,612,133,2076,1489,19.8,47.9,1.092
5/13/2004,20:00:00,5,4.6,1428,-200,21.2,1329,250,594,141,2102,1602,19.1,52.3,1.1486
5/13/2004,21:00:00,5,3.3,1336,-200,15.9,1176,208,656,131,1891,1468,18.2,54.7,1.1336
5/13/2004,22:00:00,5,2.7,1234,-200,12.0,1049,158,746,121,1733,1274,17.8,55.0,1.1097
5/13/2004,23:00:00,5,3.3,1300,-200,17.4,1221,197,648,123,1946,1401,17.5,56.4,1.1175
5/14/2004,0:00:00,5,2.5,1246,-200,15.0,1150,152,654,107,1873,1354,17.3,57.8,1.1298
5/14/2004,1:00:00,5,2.1,1141,-200,11.1,1017,112,740,104,1690,1188,16.8,57.5,1.0912
5/14/2004,2:00:00,5,1.3,1014,-200,6.9,853,75,883,91,1538,975,16.3,57.0,1.0484
5/14/2004,3:00:00,5,1.0,938,-200,5.1,769,-200,978,-200,1463,816,16.2,56.3,1.0262
5/14/2004,4:00:00,5,-200.0,988,-200,6.1,814,74,908,87,1512,921,15.5,59.9,1.0498
5/14/2004,5:00:00,5,1.2,983,-200,6.5,833,116,894,102,1524,1012,16.0,58.3,1.0481
5/14/2004,6:00:00,5,1.5,1033,-200,8.4,917,118,882,95,1617,905,17.2,52.3,1.0169
5/14/2004,7:00:00,5,3.7,1388,-200,22.8,1372,272,601,140,2105,1449,18.5,49.4,1.0397
5/14/2004,8:00:00,5,-200.0,1512,-200,29.1,1530,-200,527,-200,2326,1725,20.0,45.6,1.0524
5/14/2004,9:00:00,5,3.3,1148,-200,13.6,1104,258,723,138,1713,1301,21.0,37.9,0.9313
5/14/2004,10:00:00,5,2.5,1095,-200,11.1,1019,186,815,113,1618,1181,22.8,32.4,0.887
5/14/2004,11:00:00,5,1.9,987,-200,10.0,979,130,923,101,1515,962,25.5,25.6,0.8218
5/14/2004,12:00:00,5,2.0,984,-200,10.5,998,134,905,97,1523,862,25.9,23.6,0.7771
5/14/2004,13:00:00,5,2.5,1072,-200,13.0,1084,148,843,114,1622,1017,27.7,20.8,0.7599
5/14/2004,14:00:00,5,2.1,1048,-200,12.5,1068,147,869,110,1573,993,27.1,21.6,0.7618
5/14/2004,15:00:00,5,2.1,1042,-200,11.4,1029,123,907,103,1540,879,28.4,20.2,0.7697
5/14/2004,16:00:00,5,2.3,1113,-200,13.1,1086,138,882,119,1584,926,28.1,21.9,0.8184
5/14/2004,17:00:00,5,3.0,1146,-200,14.9,1145,162,836,126,1647,1011,27.6,22.3,0.8116
5/14/2004,18:00:00,5,4.1,1239,-200,19.1,1272,214,748,144,1790,1380,25.2,24.3,0.7671
5/14/2004,19:00:00,5,4.5,1302,-200,21.8,1346,230,706,164,1880,1698,24.6,25.1,0.7636
5/14/2004,20:00:00,5,3.5,1181,-200,16.1,1183,191,792,148,1711,1432,23.1,27.2,0.7575
5/14/2004,21:00:00,5,2.1,1068,-200,11.6,1037,128,869,119,1567,1217,22.0,28.6,0.7483
5/14/2004,22:00:00,5,2.3,1135,-200,12.4,1065,138,803,111,1630,1317,20.8,34.5,0.8365
5/14/2004,23:00:00,5,1.9,1121,-200,10.4,992,126,844,115,1505,1255,20.4,35.3,0.8352
5/15/2004,0:00:00,5,1.9,1131,-200,9.7,965,107,843,103,1520,1223,19.1,38.3,0.8381
5/15/2004,1:00:00,5,1.2,947,-200,5.7,798,67,964,81,1395,930,18.0,40.5,0.8271
5/15/2004,2:00:00,5,1.0,935,-200,5.4,786,55,964,71,1389,954,17.4,43.4,0.8553
5/15/2004,3:00:00,5,1.1,941,-200,5.6,792,-200,975,-200,1397,889,14.8,50.6,0.8489
5/15/2004,4:00:00,5,-200.0,867,-200,4.4,734,48,1043,58,1324,808,14.6,51.4,0.8489
5/15/2004,5:00:00,5,0.5,839,-200,2.8,638,33,1171,44,1271,643,15.7,46.9,0.8329
5/15/2004,6:00:00,5,0.6,873,-200,3.9,704,41,1091,49,1322,756,15.3,49.7,0.8552
5/15/2004,7:00:00,5,1.4,1065,-200,9.1,942,106,890,68,1576,1067,16.0,47.4,0.8564
5/15/2004,8:00:00,5,2.6,1187,-200,13.6,1104,208,727,108,1721,1391,17.6,43.3,0.8647
5/15/2004,9:00:00,5,2.8,1249,-200,15.8,1174,193,712,117,1774,1486,20.3,37.4,0.8807
5/15/2004,10:00:00,5,2.6,1157,-200,12.7,1072,191,802,127,1653,1327,23.1,30.3,0.8425
5/15/2004,11:00:00,5,1.6,988,-200,8.6,924,113,1015,93,1463,835,25.0,24.2,0.7568
5/15/2004,12:00:00,5,1.7,1025,-200,9.4,955,111,997,94,1457,834,25.6,23.5,0.7611
5/15/2004,13:00:00,5,1.7,997,-200,9.2,947,106,998,87,1460,815,25.5,22.6,0.7288
5/15/2004,14:00:00,5,1.3,916,-200,6.4,829,82,1124,75,1333,621,26.1,21.1,0.7023
5/15/2004,15:00:00,5,1.4,965,-200,8.3,910,79,1056,81,1389,643,28.2,19.4,0.7303
5/15/2004,16:00:00,5,1.4,985,-200,8.1,903,90,1059,86,1437,712,27.4,20.5,0.7379
5/15/2004,17:00:00,5,1.7,1026,-200,8.5,920,104,1037,97,1455,746,26.0,22.7,0.7532
5/15/2004,18:00:00,5,2.3,1125,-200,11.0,1016,148,910,117,1564,991,23.8,27.1,0.7858
5/15/2004,19:00:00,5,2.5,1159,-200,12.1,1054,158,878,120,1603,1046,23.0,28.7,0.7976
5/15/2004,20:00:00,5,3.3,1284,-200,15.0,1149,234,780,149,1725,1304,21.7,31.8,0.8191
5/15/2004,21:00:00,5,2.2,1101,-200,10.2,986,163,852,124,1574,1100,20.9,33.2,0.8098
5/15/2004,22:00:00,5,1.6,1101,-200,9.9,972,95,879,97,1552,1001,20.2,34.3,0.8017
5/15/2004,23:00:00,5,2.6,1183,-200,12.0,1049,146,762,112,1594,1290,19.6,37.0,0.8325
5/16/2004,0:00:00,5,2.3,1132,-200,10.5,996,102,822,95,1564,1205,18.1,40.9,0.8441
5/16/2004,1:00:00,5,1.5,998,-200,7.1,859,90,919,88,1450,1045,17.0,43.3,0.8341
5/16/2004,2:00:00,5,0.9,911,-200,4.6,743,41,1052,54,1370,739,16.7,43.4,0.8193
5/16/2004,3:00:00,5,0.8,875,-200,4.2,721,-200,1083,-200,1328,683,15.9,44.7,0.8009
5/16/2004,4:00:00,5,-200.0,808,-200,2.6,630,30,1234,43,1256,573,15.2,45.5,0.783
5/16/2004,5:00:00,5,0.4,792,-200,2.2,599,32,1262,45,1235,564,13.5,50.1,0.7706
5/16/2004,6:00:00,5,0.4,822,-200,2.0,581,34,1326,47,1256,602,14.2,49.9,0.8025
5/16/2004,7:00:00,5,0.8,918,-200,4.2,721,57,1069,58,1353,785,13.8,51.4,0.8059
5/16/2004,8:00:00,5,0.9,975,-200,5.2,774,73,1001,69,1393,878,16.3,45.1,0.8286
5/16/2004,9:00:00,5,1.6,1047,-200,8.2,908,119,913,89,1458,981,19.2,35.4,0.7812
5/16/2004,10:00:00,5,2.0,1053,-200,9.8,970,138,930,105,1473,991,25.5,21.1,0.677
5/16/2004,11:00:00,5,1.6,1017,-200,7.9,897,96,1013,92,1400,780,28.2,19.0,0.7164
5/16/2004,12:00:00,5,1.4,1021,-200,7.7,889,80,1022,82,1405,684,29.5,19.8,0.8013
5/16/2004,13:00:00,5,0.9,941,-200,4.8,753,45,1173,56,1311,468,30.6,19.4,0.8348
5/16/2004,14:00:00,5,0.9,991,-200,5.3,776,45,1122,60,1375,468,29.9,22.0,0.9181
5/16/2004,15:00:00,5,1.2,1117,-200,7.1,862,54,995,64,1476,530,31.5,21.9,0.997
5/16/2004,16:00:00,5,1.4,1217,-200,9.2,947,66,887,85,1566,648,31.2,24.6,1.0987
5/16/2004,17:00:00,5,1.9,1248,-200,10.1,982,95,880,107,1617,746,30.4,26.5,1.1347
5/16/2004,18:00:00,5,1.8,1242,-200,9.9,973,99,856,106,1632,819,26.8,33.5,1.1602
5/16/2004,19:00:00,5,2.7,1403,-200,15.1,1151,147,747,125,1820,1125,25.5,37.4,1.1995
5/16/2004,20:00:00,5,2.4,1238,-200,10.6,999,129,833,118,1648,1013,23.7,39.4,1.1381
5/16/2004,21:00:00,5,1.6,1093,-200,7.0,858,96,975,95,1495,816,22.9,37.0,1.0197
5/16/2004,22:00:00,5,1.4,1034,-200,5.9,805,92,1030,97,1416,750,20.8,36.3,0.8775
5/16/2004,23:00:00,5,1.4,934,-200,5.6,795,88,1098,93,1328,673,20.3,28.5,0.6686
5/17/2004,0:00:00,5,1.4,913,-200,5.4,785,89,1110,85,1273,692,19.6,26.5,0.5974
5/17/2004,1:00:00,5,0.9,835,-200,3.7,691,52,1265,67,1182,517,19.1,25.9,0.5673
5/17/2004,2:00:00,5,0.5,773,-200,1.8,568,25,1474,37,1113,392,18.4,27.6,0.5799
5/17/2004,3:00:00,5,0.4,771,-200,1.4,533,-200,1566,-200,1110,360,17.4,30.2,0.5945
5/17/2004,4:00:00,5,-200.0,805,-200,1.4,534,28,1454,40,1112,409,16.3,34.1,0.6257
5/17/2004,5:00:00,5,0.5,930,-200,3.5,684,65,1059,75,1220,779,15.8,36.5,0.6535
5/17/2004,6:00:00,5,1.3,1009,-200,7.0,859,132,944,102,1420,1016,16.0,38.1,0.6879
5/17/2004,7:00:00,5,2.6,1196,-200,14.4,1131,216,775,113,1675,1243,17.6,35.0,0.6965
5/17/2004,8:00:00,5,2.0,1010,-200,8.9,937,180,945,142,1444,949,18.5,31.2,0.6611
5/17/2004,9:00:00,5,1.8,990,-200,8.6,924,140,974,90,1404,861,19.8,28.5,0.652
5/17/2004,10:00:00,5,1.7,988,-200,8.5,918,141,1007,94,1393,850,22.3,24.1,0.6394
5/17/2004,11:00:00,5,1.5,979,-200,8.3,910,123,1028,92,1396,788,24.2,21.7,0.6451
5/17/2004,12:00:00,5,1.9,1029,-200,10.1,983,129,950,97,1470,879,25.1,20.8,0.6516
5/17/2004,13:00:00,5,1.7,984,-200,9.1,945,115,990,88,1423,747,25.8,19.5,0.6392
5/17/2004,14:00:00,5,1.5,985,-200,8.5,919,104,1028,86,1387,700,26.3,18.9,0.6344
5/17/2004,15:00:00,5,1.7,981,-200,7.7,886,129,1054,99,1363,695,25.8,18.6,0.608
5/17/2004,16:00:00,5,1.7,1020,-200,9.0,941,138,1016,95,1425,756,25.7,19.4,0.6304
5/17/2004,17:00:00,5,2.4,1106,-200,13.4,1097,135,902,105,1552,941,26.7,17.1,0.5909
5/17/2004,18:00:00,5,3.1,1153,-200,15.6,1168,163,842,121,1644,1021,24.3,19.8,0.5933
5/17/2004,19:00:00,5,3.4,1215,-200,17.8,1234,180,796,125,1735,1167,23.5,20.8,0.5937
5/17/2004,20:00:00,5,3.0,1094,-200,12.7,1072,170,888,122,1545,1105,22.0,24.0,0.6263
5/17/2004,21:00:00,5,1.2,944,-200,6.4,832,72,1072,81,1350,712,21.1,26.2,0.6481
5/17/2004,22:00:00,5,1.2,964,-200,7.1,861,69,1014,73,1398,735,20.9,28.8,0.7014
5/17/2004,23:00:00,5,1.3,1003,-200,7.4,872,79,988,80,1439,851,20.2,31.2,0.7304
5/18/2004,0:00:00,5,1.0,914,-200,5.2,774,53,1091,65,1323,706,20.0,31.5,0.7262
5/18/2004,1:00:00,5,0.4,839,-200,2.4,609,36,1276,59,1286,643,20.8,32.3,0.7813
5/18/2004,2:00:00,5,0.3,830,-200,2.0,582,30,1310,50,1264,608,20.0,34.5,0.7954
5/18/2004,3:00:00,5,0.2,812,-200,1.2,521,-200,1413,-200,1233,469,21.2,32.9,0.8178
5/18/2004,4:00:00,5,-200.0,832,-200,1.5,547,15,1320,23,1254,469,18.3,40.0,0.8345
5/18/2004,5:00:00,5,0.5,903,-200,3.1,656,38,1155,37,1361,618,17.0,44.6,0.8593
5/18/2004,6:00:00,5,0.9,1022,-200,6.3,825,68,931,54,1487,931,17.1,45.3,0.8784
5/18/2004,7:00:00,5,2.7,1378,-200,19.3,1277,192,628,94,1970,1519,17.1,46.5,0.901
5/18/2004,8:00:00,5,6.5,1745,-200,38.9,1748,346,484,139,2605,2054,18.8,39.7,0.8547
5/18/2004,9:00:00,5,3.2,1326,-200,14.6,1137,225,719,115,1760,1550,20.3,38.1,0.8946
5/18/2004,10:00:00,5,2.4,1215,-200,12.3,1062,199,794,119,1650,1381,25.3,27.0,0.8565
5/18/2004,11:00:00,5,1.9,1138,-200,11.0,1015,140,854,103,1604,1115,27.4,22.8,0.8219
5/18/2004,12:00:00,5,2.7,1244,-200,15.4,1162,162,765,123,1735,1189,30.0,20.0,0.8338
5/18/2004,13:00:00,5,2.9,1261,-200,17.0,1210,173,736,126,1769,1200,30.9,19.1,0.8394
5/18/2004,14:00:00,5,2.0,1182,-200,12.5,1066,121,818,106,1663,965,30.6,20.2,0.8719
5/18/2004,15:00:00,5,2.3,1208,-200,13.8,1111,133,783,127,1653,1018,32.2,18.9,0.8964
5/18/2004,16:00:00,5,1.9,1158,-200,10.1,981,96,862,105,1573,775,31.7,19.5,0.8981
5/18/2004,17:00:00,5,3.0,1346,-200,19.3,1278,141,701,130,1873,1193,30.9,20.5,0.8996
5/18/2004,18:00:00,5,4.4,1443,-200,22.7,1371,221,664,160,1988,1425,27.5,24.7,0.8899
5/18/2004,19:00:00,5,4.7,1440,-200,25.5,1443,232,635,162,2068,1594,25.8,27.0,0.8821
5/18/2004,20:00:00,5,3.4,1232,-200,15.8,1173,174,751,135,1750,1284,23.7,30.0,0.8633
5/18/2004,21:00:00,5,2.4,1159,-200,12.3,1061,138,812,122,1648,1174,22.2,33.4,0.8806
5/18/2004,22:00:00,5,1.2,1081,-200,8.7,929,65,910,75,1518,937,21.1,36.5,0.9019
5/18/2004,23:00:00,5,1.7,1083,-200,8.3,911,107,883,96,1507,985,20.2,38.6,0.9016
5/19/2004,0:00:00,5,1.2,1069,-200,7.7,887,70,859,84,1542,1041,19.3,43.0,0.9535
5/19/2004,1:00:00,5,0.7,940,-200,4.2,724,44,1012,68,1407,867,19.2,43.6,0.9591
5/19/2004,2:00:00,5,0.5,901,-200,3.0,653,41,1094,65,1367,822,18.4,45.7,0.9599
5/19/2004,3:00:00,5,0.3,848,-200,1.8,571,-200,1224,-200,1297,624,18.7,44.3,0.9453
5/19/2004,4:00:00,5,-200.0,846,-200,2.2,598,33,1211,52,1332,669,16.3,51.4,0.9468
5/19/2004,5:00:00,5,0.3,848,-200,2.2,598,32,1219,46,1318,628,17.0,49.2,0.9459
5/19/2004,6:00:00,5,0.7,980,-200,5.7,800,46,983,54,1462,810,16.4,52.1,0.9612
5/19/2004,7:00:00,5,3.1,1408,-200,20.9,1321,173,618,94,2044,1495,16.4,53.4,0.9863
5/19/2004,8:00:00,5,6.2,1716,-200,36.7,1701,320,490,155,2545,2018,18.6,46.8,0.99
5/19/2004,9:00:00,5,4.6,1475,-200,22.0,1351,294,625,165,2006,1696,21.0,41.1,1.0104
5/19/2004,10:00:00,5,2.6,1262,-200,13.4,1096,182,772,134,1711,1340,26.4,28.9,0.9785
5/19/2004,11:00:00,5,2.1,1156,-200,11.5,1034,154,813,122,1640,1123,27.7,26.3,0.9652
5/19/2004,12:00:00,5,2.0,1192,-200,13.4,1097,118,796,113,1688,971,30.1,22.1,0.9281
5/19/2004,13:00:00,5,2.2,1233,-200,15.2,1154,116,746,115,1740,1000,31.0,22.9,1.0144
5/19/2004,14:00:00,5,2.1,1208,-200,13.0,1083,121,792,118,1702,891,31.0,22.6,1.0012
5/19/2004,15:00:00,5,2.3,1215,-200,14.0,1116,116,784,125,1715,852,31.6,21.0,0.959
5/19/2004,16:00:00,5,2.5,1251,-200,15.5,1165,144,747,135,1774,975,30.4,24.7,1.0526
5/19/2004,17:00:00,5,3.4,1358,-200,19.3,1278,176,689,149,1899,1192,28.8,26.3,1.0271
5/19/2004,18:00:00,5,4.3,1379,-200,21.9,1349,214,645,162,1961,1373,26.4,30.1,1.0204
5/19/2004,19:00:00,5,3.8,1379,-200,21.1,1326,191,659,151,1961,1307,24.7,31.5,0.9672
5/19/2004,20:00:00,5,3.8,1373,-200,18.4,1252,205,670,154,1889,1325,22.9,36.5,1.0083
5/19/2004,21:00:00,5,2.0,1197,-200,9.3,950,110,823,118,1592,918,20.8,41.8,1.0155
5/19/2004,22:00:00,5,1.7,1238,-200,9.0,940,95,815,103,1622,877,19.7,47.1,1.0666
5/19/2004,23:00:00,5,2.0,1255,-200,9.6,963,126,781,122,1665,1024,18.9,52.2,1.1313
5/20/2004,0:00:00,5,1.5,1164,-200,8.2,908,90,821,102,1574,1019,18.5,50.1,1.0539
5/20/2004,1:00:00,5,0.8,1046,-200,5.8,803,48,900,73,1490,823,18.0,53.0,1.0832
5/20/2004,2:00:00,5,0.5,956,-200,3.1,661,38,1043,59,1398,701,18.4,51.7,1.0819
5/20/2004,3:00:00,5,0.3,885,-200,1.7,565,-200,1217,-200,1329,542,19.8,46.2,1.056
5/20/2004,4:00:00,5,-200.0,877,-200,1.6,549,14,1265,26,1317,463,19.6,47.7,1.0736
5/20/2004,5:00:00,5,0.3,925,-200,2.3,609,26,1168,35,1363,533,17.3,54.1,1.0582
5/20/2004,6:00:00,5,0.9,1086,-200,6.6,837,83,885,68,1553,906,15.8,59.0,1.0495
5/20/2004,7:00:00,5,2.8,1490,-200,19.6,1286,188,593,97,2053,1447,16.6,55.9,1.0486
5/20/2004,8:00:00,5,5.4,1763,-200,32.9,1617,253,489,146,2503,1835,18.7,52.8,1.1279
5/20/2004,9:00:00,5,4.0,1462,-200,18.1,1242,149,637,83,1961,1552,20.7,46.4,1.1227
5/20/2004,10:00:00,5,2.2,1232,-200,12.4,1062,155,787,117,1707,1092,26.1,30.0,0.9972
5/20/2004,11:00:00,5,2.2,1239,-200,12.5,1067,146,779,117,1702,1071,28.6,25.8,0.9989
5/20/2004,12:00:00,5,2.0,1218,-200,12.0,1051,121,796,108,1689,881,30.3,23.3,0.9869
5/20/2004,13:00:00,5,2.0,1235,-200,13.3,1094,111,756,107,1729,907,31.3,22.3,1.0043
5/20/2004,14:00:00,5,1.9,1196,-200,12.3,1061,116,791,120,1649,899,31.1,22.3,0.9888
5/20/2004,15:00:00,5,2.7,1288,-200,16.0,1179,167,717,150,1799,1074,32.4,20.4,0.9732
5/20/2004,16:00:00,5,2.2,1248,-200,13.7,1108,145,772,138,1701,969,32.6,19.3,0.935
5/20/2004,17:00:00,5,3.5,1401,-200,21.7,1342,192,663,148,1959,1267,31.2,20.3,0.9064
5/20/2004,18:00:00,5,4.1,1401,-200,23.7,1396,231,645,168,2009,1402,27.7,24.8,0.9106
5/20/2004,19:00:00,5,4.4,1444,-200,22.1,1354,248,655,172,1956,1437,25.7,27.9,0.908
5/20/2004,20:00:00,5,4.5,1379,-200,20.6,1312,267,683,179,1870,1382,24.1,29.9,0.8879
5/20/2004,21:00:00,5,2.9,1251,-200,13.4,1097,181,771,143,1680,1280,22.2,34.4,0.9072
5/20/2004,22:00:00,5,2.6,1269,-200,12.8,1077,163,773,137,1706,1250,20.7,38.0,0.9149
5/20/2004,23:00:00,5,2.1,1242,-200,12.3,1060,141,745,117,1693,1359,20.2,42.8,0.9983
5/21/2004,0:00:00,5,1.2,1045,-200,6.8,850,78,889,93,1506,1102,20.5,42.0,1.0004
5/21/2004,1:00:00,5,0.6,937,-200,3.8,698,42,1039,64,1382,768,20.1,42.0,0.9763
5/21/2004,2:00:00,5,0.3,875,-200,2.5,622,35,1167,58,1331,656,20.0,41.5,0.9571
5/21/2004,3:00:00,5,0.3,889,-200,2.7,633,-200,1123,-200,1344,683,16.3,51.6,0.9461
5/21/2004,4:00:00,5,-200.0,888,-200,2.8,640,33,1089,47,1330,670,16.5,50.2,0.932
5/21/2004,5:00:00,5,0.3,881,-200,2.6,624,38,1135,47,1319,656,16.4,50.2,0.931
5/21/2004,6:00:00,5,0.7,998,-200,7.0,856,65,894,62,1488,926,14.9,54.7,0.9203
5/21/2004,7:00:00,5,4.2,1517,-200,26.2,1460,296,551,113,2205,1677,16.4,51.3,0.9474
5/21/2004,8:00:00,5,4.8,1522,-200,28.2,1509,303,543,126,2275,1828,18.2,46.2,0.9575
5/21/2004,9:00:00,5,3.4,1417,-200,20.2,1303,244,635,139,1964,1752,20.7,40.0,0.9639
5/21/2004,10:00:00,5,2.8,1329,-200,17.1,1214,216,700,148,1845,1581,26.5,27.0,0.9217
5/21/2004,11:00:00,5,1.8,1203,-200,11.2,1023,137,825,117,1622,1132,28.5,23.8,0.915
5/21/2004,12:00:00,5,1.9,1234,-200,11.6,1037,120,788,106,1658,1037,29.7,23.7,0.9714
5/21/2004,13:00:00,5,2.0,1286,-200,13.2,1090,100,750,98,1719,1023,31.7,21.7,0.9966
5/21/2004,14:00:00,5,1.9,1298,-200,12.7,1075,103,749,98,1690,1022,31.7,21.5,0.9902
5/21/2004,15:00:00,5,2.0,1308,-200,13.0,1084,123,757,110,1724,989,32.8,19.5,0.9515
5/21/2004,16:00:00,5,2.3,1276,-200,13.5,1099,136,783,114,1680,925,32.5,18.6,0.8948
5/21/2004,17:00:00,5,2.7,1234,-200,10.2,985,158,815,122,1572,795,30.2,22.6,0.9524
5/21/2004,18:00:00,5,3.6,1419,-200,20.1,1300,216,670,155,1923,1263,27.6,25.7,0.9382
5/21/2004,19:00:00,5,3.8,1325,-200,19.1,1273,211,716,145,1815,1184,25.9,24.9,0.8195
5/21/2004,20:00:00,5,3.5,1346,-200,17.5,1224,202,715,146,1794,1272,23.9,29.4,0.8589
5/21/2004,21:00:00,5,2.5,1241,-200,13.8,1110,147,772,130,1698,1177,22.3,32.1,0.8515
5/21/2004,22:00:00,5,2.5,1274,-200,13.3,1094,160,771,126,1682,1231,20.5,35.9,0.8565
5/21/2004,23:00:00,5,3.0,1321,-200,14.8,1144,162,732,127,1745,1243,19.8,37.2,0.8509
5/22/2004,0:00:00,5,3.7,1424,-200,18.0,1240,194,662,126,1841,1427,19.1,41.9,0.9158
5/22/2004,1:00:00,5,3.3,1357,-200,16.0,1178,167,674,124,1782,1454,17.8,46.1,0.9344
5/22/2004,2:00:00,5,1.5,1123,-200,9.7,966,91,770,93,1594,1183,17.6,47.6,0.9465
5/22/2004,3:00:00,5,0.7,1003,-200,6.2,820,-200,902,-200,1455,908,17.9,46.3,0.9394
5/22/2004,4:00:00,5,-200.0,951,-200,4.0,713,42,994,58,1385,821,16.9,49.8,0.9544
5/22/2004,5:00:00,5,0.5,941,-200,3.6,687,50,1024,59,1374,777,15.8,53.8,0.9615
5/22/2004,6:00:00,5,0.5,986,-200,4.6,745,61,959,66,1426,888,16.5,53.5,0.9928
5/22/2004,7:00:00,5,1.2,1153,-200,9.2,947,107,795,80,1643,1076,17.2,52.9,1.0276
5/22/2004,8:00:00,5,2.2,1323,-200,14.6,1137,139,696,94,1846,1285,19.3,48.3,1.0723
5/22/2004,9:00:00,5,2.2,1315,-200,11.7,1040,165,743,102,1740,1315,20.6,47.1,1.1287
5/22/2004,10:00:00,5,2.1,1303,-200,11.0,1015,139,777,96,1731,1250,23.7,40.0,1.153
5/22/2004,11:00:00,5,1.8,1238,-200,11.6,1037,113,813,91,1698,978,25.6,32.5,1.053
5/22/2004,12:00:00,5,2.2,1259,-200,12.9,1080,138,772,104,1736,1072,27.2,28.1,0.9989
5/22/2004,13:00:00,5,2.0,1246,-200,12.6,1070,104,770,84,1747,1064,27.9,28.1,1.0394
5/22/2004,14:00:00,5,1.4,1154,-200,8.3,912,78,872,76,1605,825,28.3,27.8,1.0539
5/22/2004,15:00:00,5,1.8,1237,-200,10.5,997,97,800,87,1688,924,29.2,27.0,1.081
5/22/2004,16:00:00,5,2.1,1315,-200,11.7,1041,115,773,101,1767,966,28.9,29.3,1.1503
5/22/2004,17:00:00,5,2.8,1466,-200,15.8,1174,152,680,115,1965,1302,25.4,39.8,1.2771
5/22/2004,18:00:00,5,2.8,1409,-200,13.9,1113,157,710,110,1850,1256,25.2,40.1,1.2642
5/22/2004,19:00:00,5,2.7,1366,-200,15.7,1171,132,693,103,1933,1068,24.5,39.4,1.1963
5/22/2004,20:00:00,5,1.8,1241,-200,10.9,1011,98,781,90,1748,1070,22.3,45.4,1.2088
5/22/2004,21:00:00,5,1.2,1123,-200,6.4,832,65,930,68,1565,792,21.2,48.3,1.2034
5/22/2004,22:00:00,5,2.6,1321,-200,12.7,1075,101,757,85,1891,1017,20.6,50.5,1.2082
5/22/2004,23:00:00,5,3.1,1397,-200,15.3,1159,134,681,100,1949,1207,20.2,52.9,1.234
5/23/2004,0:00:00,5,4.1,1507,-200,20.5,1311,177,608,114,2107,1499,19.8,54.5,1.2488
5/23/2004,1:00:00,5,3.6,1405,-200,15.9,1177,179,660,108,1931,1474,19.5,56.2,1.2624
5/23/2004,2:00:00,5,1.9,1192,-200,10.4,994,105,759,78,1780,1163,19.0,58.0,1.2581
5/23/2004,3:00:00,5,1.9,1199,-200,12.6,1070,-200,671,-200,1873,1189,18.1,61.6,1.2679
5/23/2004,4:00:00,5,-200.0,973,-200,4.9,761,49,954,55,1501,815,18.0,57.6,1.1788
5/23/2004,5:00:00,5,0.3,864,-200,2.1,591,27,1247,37,1374,507,17.7,56.0,1.1215
5/23/2004,6:00:00,5,0.4,886,-200,2.2,598,41,1257,53,1374,506,17.9,52.4,1.0655
5/23/2004,7:00:00,5,0.8,988,-200,4.0,713,78,1092,79,1455,716,18.9,49.3,1.0668
5/23/2004,8:00:00,5,0.8,1008,-200,4.3,729,68,1034,65,1490,795,20.0,48.6,1.1199
5/23/2004,9:00:00,5,0.8,976,-200,3.8,698,64,1156,64,1393,594,20.6,41.2,0.9841
5/23/2004,10:00:00,5,0.8,978,-200,4.1,718,67,1137,66,1392,565,23.6,34.0,0.9749
5/23/2004,11:00:00,5,0.9,987,-200,4.5,740,54,1105,53,1407,523,26.7,28.1,0.9688
5/23/2004,12:00:00,5,1.2,1030,-200,5.3,778,67,1071,69,1452,591,26.8,28.1,0.9785
5/23/2004,13:00:00,5,1.0,955,-200,4.2,723,51,1129,57,1393,559,27.7,25.8,0.9467
5/23/2004,14:00:00,5,0.8,924,-200,3.3,673,28,1247,36,1346,430,28.8,22.7,0.8864
5/23/2004,15:00:00,5,1.1,1005,-200,4.9,758,51,1091,57,1434,522,26.8,27.3,0.9462
5/23/2004,16:00:00,5,1.5,1059,-200,6.1,816,77,1023,73,1468,641,25.9,28.7,0.9423
5/23/2004,17:00:00,5,1.5,1079,-200,6.9,851,93,991,81,1490,738,25.8,27.7,0.9076
5/23/2004,18:00:00,5,1.4,1070,-200,6.8,850,94,997,91,1502,778,24.8,29.5,0.9077
5/23/2004,19:00:00,5,1.1,1085,-200,5.8,805,69,972,65,1528,718,25.3,36.3,1.1513
5/23/2004,20:00:00,5,0.9,1066,-200,5.5,787,57,986,56,1552,689,23.9,40.4,1.1787
5/23/2004,21:00:00,5,1.0,1094,-200,6.1,815,74,934,69,1563,852,21.4,46.6,1.1764
5/23/2004,22:00:00,5,1.1,1110,-200,6.0,814,75,948,73,1571,854,20.5,49.3,1.173
5/23/2004,23:00:00,5,1.0,968,-200,4.2,719,73,1081,76,1388,664,19.2,42.3,0.9339
5/24/2004,0:00:00,5,0.7,906,-200,4.1,714,56,1163,67,1351,544,19.2,37.9,0.8352
5/24/2004,1:00:00,5,0.5,849,-200,2.4,615,31,1285,44,1276,461,17.2,43.1,0.8394
5/24/2004,2:00:00,5,0.2,774,-200,1.0,500,13,1536,21,1169,352,15.8,45.2,0.8052
5/24/2004,3:00:00,5,-200.0,746,-200,0.6,450,-200,1807,-200,1111,308,15.7,42.3,0.7464
5/24/2004,4:00:00,5,-200.0,753,-200,0.5,437,14,1904,19,1110,301,16.3,41.0,0.7513
5/24/2004,5:00:00,5,0.1,749,-200,0.7,466,23,1803,29,1089,307,16.1,36.5,0.664
5/24/2004,6:00:00,5,0.5,864,-200,2.8,642,72,1288,69,1255,441,16.5,36.2,0.6752
5/24/2004,7:00:00,5,1.6,1002,-200,7.8,893,165,1010,111,1394,775,17.5,30.9,0.6111
5/24/2004,8:00:00,5,2.0,970,-200,9.7,966,118,944,81,1379,907,18.4,24.0,0.5046
5/24/2004,9:00:00,5,1.3,898,-200,6.9,853,85,1066,56,1271,763,19.2,23.8,0.5235
5/24/2004,10:00:00,5,1.0,847,-200,5.8,800,116,1155,90,1179,649,21.7,18.1,0.4642
5/24/2004,11:00:00,5,0.9,847,-200,5.5,788,112,1203,85,1162,598,22.3,17.0,0.4513
5/24/2004,12:00:00,5,1.2,871,-200,6.8,848,100,1139,83,1208,579,22.8,16.1,0.4404
5/24/2004,13:00:00,5,1.3,869,-200,7.2,866,109,1107,85,1212,596,23.8,14.5,0.4222
5/24/2004,14:00:00,5,1.1,875,-200,6.9,854,111,1160,85,1200,595,25.1,13.1,0.4129
5/24/2004,15:00:00,5,1.2,895,-200,7.5,878,109,1122,81,1238,607,25.8,12.9,0.4219
5/24/2004,16:00:00,5,1.4,926,-200,7.7,885,114,1101,92,1259,662,25.5,14.0,0.4495
5/24/2004,17:00:00,5,2.0,996,-200,12.0,1048,139,959,108,1397,822,24.5,15.4,0.4663
5/24/2004,18:00:00,5,2.4,997,-200,13.5,1100,157,896,106,1392,987,22.6,17.2,0.4656
5/24/2004,19:00:00,5,2.1,1006,-200,12.0,1048,147,925,114,1416,966,21.2,18.9,0.471
5/24/2004,20:00:00,5,1.2,895,-200,6.7,845,102,1072,96,1241,763,19.1,22.8,0.501
5/24/2004,21:00:00,5,0.7,862,-200,4.8,751,73,1154,77,1213,617,18.4,24.6,0.5169
5/24/2004,22:00:00,5,0.7,858,-200,4.8,756,65,1159,73,1209,564,17.3,25.6,0.5032
5/24/2004,23:00:00,5,0.8,853,-200,5.0,762,76,1134,86,1184,646,16.5,24.9,0.4642
5/25/2004,0:00:00,5,0.5,859,-200,4.3,727,65,1120,84,1187,753,16.7,28.3,0.5316
5/25/2004,1:00:00,5,0.2,837,-200,2.7,634,41,1200,56,1150,669,15.5,32.2,0.5641
5/25/2004,2:00:00,5,-200.0,746,-200,0.9,493,17,1522,31,1063,435,17.5,29.1,0.5773
5/25/2004,3:00:00,5,-200.0,752,-200,1.2,515,-200,1472,-200,1068,436,13.3,35.6,0.5393
5/25/2004,4:00:00,5,-200.0,742,-200,0.9,489,19,1559,30,1048,403,14.0,33.7,0.5355
5/25/2004,5:00:00,5,0.1,774,-200,1.7,560,45,1386,51,1107,532,11.6,40.0,0.5462
5/25/2004,6:00:00,5,0.2,798,-200,2.6,630,40,1291,45,1125,536,13.4,34.5,0.5272
5/25/2004,7:00:00,5,1.1,1002,-200,8.8,932,101,949,82,1405,917,15.2,31.0,0.5329
5/25/2004,8:00:00,5,3.0,1210,-200,22.2,1356,183,657,100,1786,1481,16.3,27.5,0.5066
5/25/2004,9:00:00,5,2.1,1058,-200,15.3,1158,149,820,91,1459,1187,19.2,20.0,0.439
5/25/2004,10:00:00,5,2.6,1106,-200,14.0,1118,207,885,130,1451,1220,24.9,13.0,0.4038
5/25/2004,11:00:00,5,3.2,1153,-200,18.5,1253,289,815,155,1541,1381,28.3,9.9,0.3754
5/25/2004,12:00:00,5,2.1,1047,-200,13.5,1101,159,913,114,1391,1103,29.2,9.8,0.3914
5/25/2004,13:00:00,5,2.2,1091,-200,15.8,1172,162,874,127,1459,1105,31.6,9.2,0.419
5/25/2004,14:00:00,5,2.4,1162,-200,18.5,1253,173,796,138,1595,1248,32.6,9.3,0.4499
5/25/2004,15:00:00,5,-200.0,1059,-200,12.6,1070,-200,925,-200,1401,976,32.6,9.2,0.4463
5/25/2004,16:00:00,5,-200.0,1083,-200,12.0,1051,-200,939,-200,1390,898,32.3,10.0,0.4747
5/25/2004,17:00:00,5,-200.0,1150,-200,15.4,1161,-200,867,-200,1512,1038,32.1,10.7,0.4996
5/25/2004,18:00:00,5,-200.0,1321,-200,24.9,1426,-200,720,-200,1859,1395,29.7,12.2,0.5007
5/25/2004,19:00:00,5,-200.0,-200,-200,-200.0,-200,-200,-200,-200,-200,-200,-200.0,-200.0,-200.0
5/25/2004,20:00:00,5,-200.0,-200,-200,-200.0,-200,-200,-200,-200,-200,-200,-200.0,-200.0,-200.0
5/25/2004,21:00:00,5,-200.0,-200,-200,-200.0,-200,-200,-200,-200,-200,-200,-200.0,-200.0,-200.0
5/25/2004,22:00:00,5,-200.0,-200,-200,-200.0,-200,-200,-200,-200,-200,-200,-200.0,-200.0,-200.0
5/25/2004,23:00:00,5,-200.0,-200,-200,-200.0,-200,-200,-200,-200,-200,-200,-200.0,-200.0,-200.0
5/26/2004,0:00:00,5,-200.0,-200,-200,-200.0,-200,-200,-200,-200,-200,-200,-200.0,-200.0,-200.0
5/26/2004,1:00:00,5,-200.0,-200,-200,-200.0,-200,-200,-200,-200,-200,-200,-200.0,-200.0,-200.0
5/26/2004,2:00:00,5,-200.0,-200,-200,-200.0,-200,-200,-200,-200,-200,-200,-200.0,-200.0,-200.0
5/26/2004,3:00:00,5,-200.0,-200,-200,-200.0,-200,-200,-200,-200,-200,-200,-200.0,-200.0,-200.0
5/26/2004,4:00:00,5,-200.0,-200,-200,-200.0,-200,-200,-200,-200,-200,-200,-200.0,-200.0,-200.0
5/26/2004,5:00:00,5,-200.0,-200,-200,-200.0,-200,-200,-200,-200,-200,-200,-200.0,-200.0,-200.0
5/26/2004,6:00:00,5,-200.0,-200,-200,-200.0,-200,-200,-200,-200,-200,-200,-200.0,-200.0,-200.0
5/26/2004,7:00:00,5,-200.0,-200,-200,-200.0,-200,-200,-200,-200,-200,-200,-200.0,-200.0,-200.0
5/26/2004,8:00:00,5,-200.0,-200,-200,-200.0,-200,-200,-200,-200,-200,-200,-200.0,-200.0,-200.0
5/26/2004,9:00:00,5,4.0,1303,-200,40.2,1776,-200,946,-200,1467,1608,20.4,35.7,0.844
5/26/2004,10:00:00,5,2.2,1137,-200,14.9,1146,188,1144,136,1392,1327,26.1,23.8,0.7938
5/26/2004,11:00:00,5,1.8,1139,-200,13.8,1109,159,1118,135,1436,1292,28.8,21.1,0.8193
5/26/2004,12:00:00,5,1.6,1099,-200,12.3,1059,146,1156,115,1416,1114,29.6,19.4,0.7897
5/26/2004,13:00:00,5,1.8,1088,-200,14.0,1116,127,1128,112,1449,1060,31.6,16.4,0.7489
5/26/2004,14:00:00,5,1.6,1027,-200,11.8,1041,128,1237,112,1345,915,32.3,13.3,0.6303
5/26/2004,15:00:00,5,1.6,1014,-200,12.0,1049,120,1200,109,1366,893,31.8,13.5,0.6249
5/26/2004,16:00:00,5,1.3,969,-200,9.7,968,115,1276,112,1325,768,31.8,13.8,0.6394
5/26/2004,17:00:00,5,-200.0,1120,-200,18.0,1238,-200,1023,-200,1591,1126,31.0,15.9,0.7039
5/26/2004,18:00:00,5,-200.0,1131,-200,22.6,1368,-200,933,-200,1707,1284,28.6,18.7,0.7216
5/26/2004,19:00:00,5,-200.0,1130,-200,22.7,1368,-200,933,-200,1709,1269,26.7,19.5,0.6754
5/26/2004,20:00:00,5,-200.0,1123,-200,20.3,1304,-200,939,-200,1720,1290,25.0,24.4,0.7616
5/26/2004,21:00:00,5,-200.0,1069,-200,13.1,1086,-200,1064,-200,1536,1119,22.8,28.4,0.7804
5/26/2004,22:00:00,5,-200.0,1021,-200,10.9,1010,-200,1116,-200,1480,1027,21.7,29.2,0.7458
5/26/2004,23:00:00,5,-200.0,1101,-200,13.3,1093,-200,1012,-200,1564,1155,21.1,30.9,0.7617
5/27/2004,0:00:00,5,-200.0,1026,-200,9.5,960,-200,1072,-200,1471,1078,19.9,36.3,0.8349
5/27/2004,1:00:00,5,-200.0,949,-200,6.6,841,-200,1155,-200,1393,954,18.6,39.3,0.8355
5/27/2004,2:00:00,5,-200.0,846,-200,3.6,687,-200,1295,-200,1288,726,18.6,38.8,0.8228
5/27/2004,3:00:00,5,-200.0,811,-200,2.3,606,-200,1417,-200,1248,656,19.0,38.9,0.8468
5/27/2004,4:00:00,5,-200.0,803,-200,2.0,586,-200,1442,-200,1232,573,18.0,40.9,0.8394
5/27/2004,5:00:00,5,-200.0,882,-200,4.1,715,-200,1246,-200,1367,780,15.5,48.6,0.8505
5/27/2004,6:00:00,5,-200.0,963,-200,6.5,836,-200,1085,-200,1429,920,16.0,47.9,0.8659
5/27/2004,7:00:00,5,-200.0,1413,-200,24.8,1424,-200,739,-200,2102,1544,17.0,46.0,0.883
5/27/2004,8:00:00,5,-200.0,1485,-200,34.4,1650,-200,632,-200,2337,1789,19.0,41.6,0.9039
5/27/2004,9:00:00,5,-200.0,1354,-200,24.5,1418,-200,749,-200,2043,1629,21.8,35.0,0.9002
5/27/2004,10:00:00,5,-200.0,1074,-200,9.0,939,-200,1071,-200,1513,997,25.6,28.0,0.9088
5/27/2004,11:00:00,5,-200.0,1022,-200,8.4,914,-200,1132,-200,1446,847,26.4,23.1,0.7853
5/27/2004,12:00:00,5,-200.0,1100,-200,11.5,1034,-200,995,-200,1586,958,27.1,24.2,0.856
5/27/2004,13:00:00,5,-200.0,1073,-200,12.1,1052,-200,1009,-200,1574,854,27.5,20.9,0.7565
5/27/2004,14:00:00,5,-200.0,1049,-200,10.1,983,-200,1071,-200,1515,782,29.5,19.7,0.8015
5/27/2004,15:00:00,5,-200.0,1086,-200,11.9,1048,-200,1016,-200,1580,888,30.6,18.6,0.8014
5/27/2004,16:00:00,5,-200.0,1059,-200,11.3,1027,-200,1066,-200,1521,764,31.3,15.8,0.7106
5/27/2004,17:00:00,5,-200.0,1244,-200,20.2,1301,-200,842,-200,1801,1170,29.4,21.0,0.8452
5/27/2004,18:00:00,5,-200.0,1320,-200,24.8,1423,-200,767,-200,1986,1385,27.0,23.5,0.8256
5/27/2004,19:00:00,5,-200.0,1236,-200,20.3,1304,-200,822,-200,1868,1237,25.8,26.7,0.8758
5/27/2004,20:00:00,5,-200.0,1136,-200,16.2,1187,-200,904,-200,1735,1127,23.7,28.4,0.8225
5/27/2004,21:00:00,5,-200.0,1110,-200,13.3,1093,-200,961,-200,1661,1091,21.3,33.0,0.8284
5/27/2004,22:00:00,5,-200.0,1026,-200,10.3,990,-200,1032,-200,1553,972,20.5,35.3,0.8435
5/27/2004,23:00:00,5,-200.0,1038,-200,9.6,961,-200,1026,-200,1530,949,19.4,38.1,0.8511
5/28/2004,0:00:00,5,-200.0,975,-200,7.8,892,-200,1015,-200,1480,890,19.4,40.7,0.9045
5/28/2004,1:00:00,5,-200.0,908,-200,6.1,814,-200,1089,-200,1403,763,17.8,44.9,0.903
5/28/2004,2:00:00,5,-200.0,896,-200,6.2,820,-200,1074,-200,1439,833,16.6,49.7,0.9295
5/28/2004,3:00:00,5,-200.0,810,-200,3.8,697,-200,1221,-200,1321,675,16.5,48.6,0.9028
5/28/2004,4:00:00,5,-200.0,789,-200,2.8,638,-200,1305,-200,1309,672,15.2,53.6,0.919
5/28/2004,5:00:00,5,-200.0,814,-200,3.4,678,-200,1276,-200,1339,626,15.5,51.7,0.9019
5/28/2004,6:00:00,5,-200.0,958,-200,8.2,907,-200,992,-200,1536,882,14.9,54.8,0.9247
5/28/2004,7:00:00,5,-200.0,1213,-200,19.2,1274,-200,762,-200,1914,1264,16.3,51.3,0.9416
5/28/2004,8:00:00,5,-200.0,1221,-200,22.6,1367,-200,722,-200,2008,1330,18.4,45.7,0.9559
5/28/2004,9:00:00,5,-200.0,1245,-200,19.4,1281,-200,774,-200,1952,1324,20.8,43.6,1.0614
5/28/2004,10:00:00,5,-200.0,1050,-200,9.6,963,-200,998,-200,1609,901,24.3,35.1,1.0477
5/28/2004,11:00:00,5,-200.0,1048,-200,9.8,969,-200,1012,-200,1600,852,26.4,29.3,0.9889
5/28/2004,12:00:00,5,-200.0,1141,-200,14.4,1128,-200,902,-200,1738,1009,28.3,25.0,0.9495
5/28/2004,13:00:00,5,-200.0,1052,-200,12.1,1053,-200,949,-200,1641,831,28.9,23.7,0.9285
5/28/2004,14:00:00,5,-200.0,1152,-200,13.5,1099,-200,908,-200,1706,954,28.5,25.8,0.9931
5/28/2004,15:00:00,5,1.7,1026,-200,12.3,1061,133,982,115,1564,814,29.6,18.9,0.7692
5/28/2004,16:00:00,5,1.7,1039,-200,12.2,1055,131,966,117,1590,845,28.0,23.2,0.8613
5/28/2004,17:00:00,5,2.1,1148,-200,12.5,1067,133,887,105,1790,956,23.6,41.0,1.1786
5/28/2004,18:00:00,5,2.2,1176,-200,13.9,1114,141,843,114,1805,1102,21.5,48.1,1.2148
5/28/2004,19:00:00,5,1.8,1100,-200,11.4,1028,112,900,103,1710,994,22.1,44.1,1.1573
5/28/2004,20:00:00,5,1.8,1081,-200,10.4,992,147,959,119,1680,935,20.2,47.2,1.1043
5/28/2004,21:00:00,5,0.9,976,-200,7.0,858,104,1070,102,1547,839,20.0,47.6,1.103
5/28/2004,22:00:00,5,1.0,979,-200,7.0,857,97,1082,96,1546,797,19.8,46.8,1.0697
5/28/2004,23:00:00,5,2.0,1092,-200,11.3,1024,128,937,109,1706,968,19.6,47.0,1.0606
5/29/2004,0:00:00,5,1.8,1044,-200,9.2,946,138,1009,119,1594,886,19.3,46.3,1.0279
5/29/2004,1:00:00,5,1.1,940,-200,6.8,849,93,1091,103,1509,764,18.5,48.7,1.0286
5/29/2004,2:00:00,5,0.6,892,-200,5.1,767,71,1180,84,1466,657,18.0,51.4,1.0504
5/29/2004,3:00:00,5,0.3,838,-200,3.4,675,-200,1302,-200,1390,540,17.9,50.8,1.0355
5/29/2004,4:00:00,5,-200.0,853,-200,4.3,727,44,1179,59,1417,621,17.7,51.9,1.0379
5/29/2004,5:00:00,5,-200.0,738,-200,1.5,545,18,1562,29,1266,450,17.7,49.7,0.997
5/29/2004,6:00:00,5,0.1,762,-200,2.0,581,41,1588,45,1277,434,17.9,46.1,0.9383
5/29/2004,7:00:00,5,0.5,841,-200,4.0,713,84,1293,80,1356,559,18.4,43.9,0.9192
5/29/2004,8:00:00,5,0.6,843,-200,4.0,712,77,1303,77,1343,548,18.9,42.1,0.9081
5/29/2004,9:00:00,5,0.5,841,-200,4.0,713,73,1326,68,1330,525,19.2,39.7,0.8728
5/29/2004,10:00:00,5,0.7,862,-200,4.2,721,72,1329,66,1335,522,20.8,36.6,0.8878
5/29/2004,11:00:00,5,0.7,869,-200,4.5,740,77,1296,70,1366,535,21.3,35.8,0.8975
5/29/2004,12:00:00,5,0.9,894,-200,6.0,810,82,1204,74,1421,585,21.8,34.9,0.9004
5/29/2004,13:00:00,5,0.7,844,-200,4.8,755,67,1284,64,1350,521,22.8,31.4,0.8615
5/29/2004,14:00:00,5,0.4,823,-200,3.8,699,59,1382,60,1311,493,22.9,31.3,0.862
5/29/2004,15:00:00,5,0.5,843,-200,4.2,719,61,1353,63,1330,501,22.9,30.7,0.8461
5/29/2004,16:00:00,5,0.6,865,-200,5.1,767,76,1279,75,1369,559,23.8,29.2,0.8499
5/29/2004,17:00:00,5,0.6,873,-200,5.6,792,73,1247,79,1397,589,23.2,30.2,0.8442
5/29/2004,18:00:00,5,0.8,899,-200,5.8,803,87,1221,83,1426,596,22.4,31.3,0.8365
5/29/2004,19:00:00,5,1.0,921,-200,7.0,856,98,1163,93,1437,681,21.7,32.2,0.825
5/29/2004,20:00:00,5,1.2,937,-200,7.9,893,123,1106,112,1463,783,20.8,33.2,0.8061
5/29/2004,21:00:00,5,1.0,901,-200,6.5,834,102,1177,103,1408,738,20.1,35.0,0.8149
5/29/2004,22:00:00,5,1.3,955,-200,8.5,918,102,1056,93,1511,762,19.5,36.9,0.8258
5/29/2004,23:00:00,5,2.7,1065,-200,13.7,1106,142,897,112,1707,929,19.0,38.2,0.8327
5/30/2004,0:00:00,5,2.7,1035,-200,13.8,1110,148,907,125,1652,1044,18.5,39.4,0.832
5/30/2004,1:00:00,5,1.6,956,-200,9.1,945,107,1030,107,1509,892,17.8,41.7,0.844
5/30/2004,2:00:00,5,0.6,869,-200,6.5,835,61,1078,76,1437,807,19.2,42.0,0.9248
5/30/2004,3:00:00,5,0.3,831,-200,6.2,822,-200,1085,-200,1418,710,17.8,44.8,0.9048
5/30/2004,4:00:00,5,-200.0,815,-200,5.2,774,43,1113,55,1374,712,17.0,47.7,0.9185
5/30/2004,5:00:00,5,0.1,781,-200,3.1,661,25,1271,37,1299,568,17.2,47.2,0.9178
5/30/2004,6:00:00,5,0.1,781,-200,2.9,645,32,1295,45,1320,575,17.3,47.6,0.9295
5/30/2004,7:00:00,5,0.2,828,-200,3.6,690,48,1263,61,1353,658,18.6,44.2,0.9385
5/30/2004,8:00:00,5,0.3,803,-200,2.7,635,60,1417,67,1272,537,20.2,37.8,0.8837
5/30/2004,9:00:00,5,0.3,811,-200,3.0,653,52,1411,60,1269,486,22.0,31.9,0.8335
5/30/2004,10:00:00,5,0.4,844,-200,3.7,696,58,1353,64,1292,507,25.5,25.9,0.8339
5/30/2004,11:00:00,5,0.3,833,-200,3.8,697,54,1361,64,1294,496,27.5,22.8,0.8249
5/30/2004,12:00:00,5,0.3,832,-200,4.2,719,52,1318,59,1299,502,28.7,20.7,0.8024
5/30/2004,13:00:00,5,0.1,771,-200,2.6,626,34,1502,41,1210,430,29.1,19.6,0.7771
5/30/2004,14:00:00,5,0.1,783,-200,2.8,637,41,1498,46,1215,439,29.8,18.4,0.7595
5/30/2004,15:00:00,5,0.2,815,-200,4.2,723,41,1378,46,1256,471,32.0,15.0,0.7028
5/30/2004,16:00:00,5,0.6,912,-200,6.2,819,65,1224,77,1368,589,30.3,17.0,0.7232
5/30/2004,17:00:00,5,0.5,894,-200,5.2,774,65,1239,83,1339,598,31.7,16.2,0.745
5/30/2004,18:00:00,5,0.9,963,-200,7.7,885,84,1102,90,1447,695,29.2,19.6,0.7817
5/30/2004,19:00:00,5,1.1,990,-200,8.8,930,89,1045,95,1506,739,27.4,23.8,0.858
5/30/2004,20:00:00,5,1.3,1025,-200,10.1,980,114,986,113,1591,891,25.0,26.9,0.8408
5/30/2004,21:00:00,5,1.5,997,-200,9.8,971,127,993,128,1573,930,23.6,30.1,0.8663
5/30/2004,22:00:00,5,1.2,976,-200,8.4,916,117,1044,117,1515,880,22.3,33.6,0.8913
5/30/2004,23:00:00,5,0.4,878,-200,5.4,784,46,1181,64,1407,610,21.4,36.9,0.9271
5/31/2004,0:00:00,5,0.2,836,-200,4.3,728,16,1213,28,1353,518,20.6,39.9,0.9597
5/31/2004,1:00:00,5,0.3,855,-200,4.8,751,27,1107,46,1418,664,19.7,43.2,0.9812
5/31/2004,2:00:00,5,-200.0,759,-200,2.1,588,4,1323,8,1286,515,19.7,42.4,0.9636
5/31/2004,3:00:00,5,-200.0,738,-200,1.4,539,-200,1421,-200,1257,477,18.9,45.0,0.9703
5/31/2004,4:00:00,5,-200.0,736,-200,1.3,528,19,1451,32,1254,477,18.7,45.4,0.9694
5/31/2004,5:00:00,5,-200.0,765,-200,2.3,609,48,1304,57,1319,581,16.4,52.4,0.9709
5/31/2004,6:00:00,5,0.5,909,-200,6.5,834,82,1031,60,1527,763,16.6,52.1,0.9785
5/31/2004,7:00:00,5,1.6,1108,-200,14.2,1123,167,804,83,1801,1111,17.4,50.9,1.0017
5/31/2004,8:00:00,5,3.6,1252,-200,22.7,1369,248,681,129,2120,1390,19.3,46.0,1.0185
5/31/2004,9:00:00,5,2.2,1175,-200,16.3,1188,213,790,137,1901,1251,20.9,43.6,1.0683
5/31/2004,10:00:00,5,1.6,1111,-200,14.1,1120,161,839,121,1790,1141,25.6,33.3,1.0773
5/31/2004,11:00:00,5,1.4,1044,-200,12.6,1069,144,889,123,1683,942,28.9,26.0,1.0188
5/31/2004,12:00:00,5,1.4,1018,-200,13.1,1088,127,909,120,1677,795,30.3,22.8,0.9695
5/31/2004,13:00:00,5,1.5,1060,-200,14.2,1122,116,863,119,1721,836,30.9,24.4,1.0724
5/31/2004,14:00:00,5,1.3,1071,-200,13.8,1110,124,864,121,1733,847,30.5,26.2,1.1278
5/31/2004,15:00:00,5,1.2,1006,-200,12.1,1054,115,921,111,1636,769,30.7,23.4,1.015
5/31/2004,16:00:00,5,1.8,1104,-200,15.7,1171,150,827,128,1803,968,28.1,29.8,1.1132
5/31/2004,17:00:00,5,3.0,1196,-200,21.4,1336,221,739,159,1971,1157,26.9,32.2,1.1267
5/31/2004,18:00:00,5,3.5,1243,-200,25.0,1429,227,687,161,2093,1367,26.0,34.6,1.1485
5/31/2004,19:00:00,5,2.4,1124,-200,16.6,1199,156,794,116,1858,1101,24.5,37.7,1.1454
